Flip Percentage,Group,Accuracy,Selection rate,TPR,TNR,FPR,FNR,PPV,NPV,ROC AUC,F1
0.0,Male,0.8441,0.1445,0.4706,0.934,0.066,0.5294,0.6316,0.88,0.7023,0.5393
0.0,Female,0.8434,0.1406,0.45,0.9187,0.0813,0.55,0.5143,0.8972,0.6843,0.48
5.0,Male,0.8441,0.1521,0.4902,0.9292,0.0708,0.5098,0.625,0.8834,0.7097,0.5495
5.0,Female,0.7992,0.1566,0.3922,0.904,0.096,0.6078,0.5128,0.8524,0.6481,0.4444
10.0,Male,0.8479,0.1483,0.4902,0.934,0.066,0.5098,0.641,0.8839,0.7121,0.5556
10.0,Female,0.743,0.1647,0.3231,0.8913,0.1087,0.6769,0.5122,0.7885,0.6072,0.3962
15.0,Male,0.8441,0.1521,0.4902,0.9292,0.0708,0.5098,0.625,0.8834,0.7097,0.5495
15.0,Female,0.6827,0.2008,0.3165,0.8529,0.1471,0.6835,0.5,0.7286,0.5847,0.3876
20.0,Male,0.8441,0.1521,0.4902,0.9292,0.0708,0.5098,0.625,0.8834,0.7097,0.5495
20.0,Female,0.6546,0.2249,0.3333,0.8365,0.1635,0.6667,0.5357,0.6891,0.5849,0.411
25.0,Male,0.8441,0.1445,0.4706,0.934,0.066,0.5294,0.6316,0.88,0.7023,0.5393
25.0,Female,0.6104,0.253,0.33,0.7987,0.2013,0.67,0.5238,0.6398,0.5643,0.4049
30.0,Male,0.8403,0.1407,0.451,0.934,0.066,0.549,0.6216,0.8761,0.6925,0.5227
30.0,Female,0.5944,0.3092,0.3868,0.7483,0.2517,0.6132,0.5325,0.6221,0.5675,0.4481
35.0,Male,0.8479,0.1483,0.4902,0.934,0.066,0.5098,0.641,0.8839,0.7121,0.5556
35.0,Female,0.5622,0.3655,0.4211,0.6815,0.3185,0.5789,0.5275,0.5823,0.5513,0.4683
40.0,Male,0.8441,0.1369,0.451,0.9387,0.0613,0.549,0.6389,0.8767,0.6948,0.5287
40.0,Female,0.5261,0.4618,0.4878,0.5635,0.4365,0.5122,0.5217,0.5299,0.5256,0.5042
45.0,Male,0.8479,0.1407,0.4706,0.9387,0.0613,0.5294,0.6486,0.8805,0.7046,0.5455
45.0,Female,0.5382,0.5703,0.5985,0.4643,0.5357,0.4015,0.5775,0.486,0.5314,0.5878
50.0,Male,0.8517,0.1369,0.4706,0.9434,0.0566,0.5294,0.6667,0.8811,0.707,0.5517
50.0,Female,0.5904,0.6466,0.7007,0.4314,0.5686,0.2993,0.6398,0.5,0.566,0.6688
55.00000000000001,Male,0.8441,0.1293,0.4314,0.9434,0.0566,0.5686,0.6471,0.8734,0.6874,0.5176
55.00000000000001,Female,0.5904,0.7068,0.7372,0.3441,0.6559,0.2628,0.6534,0.4384,0.5406,0.6928
60.0,Male,0.8479,0.1331,0.451,0.9434,0.0566,0.549,0.6571,0.8772,0.6972,0.5349
60.0,Female,0.6386,0.7751,0.7943,0.2703,0.7297,0.2057,0.7202,0.3571,0.5323,0.7554
65.0,Male,0.8479,0.1331,0.451,0.9434,0.0566,0.549,0.6571,0.8772,0.6972,0.5349
65.0,Female,0.7028,0.8394,0.8571,0.2167,0.7833,0.1429,0.7751,0.325,0.5369,0.8141
70.0,Male,0.8479,0.1331,0.451,0.9434,0.0566,0.549,0.6571,0.8772,0.6972,0.5349
70.0,Female,0.7189,0.8594,0.8636,0.1569,0.8431,0.1364,0.7991,0.2286,0.5102,0.8301
